pid,name,family_name,sex,father_pid,mother_pid,paths
669,Pearl,ADAY.MICHAEL,F,1066.0,,['8']
1066,Michael,ADAY.MICHAEL,M,,,['9']
650,Amanda,ADAY.MICHAEL,F,1066.0,,['6']
166,Chulabhorn,ADULYADEJ.BHUMIBOL,F,859.0,143.0,['10']
143,Sirikit,ADULYADEJ.BHUMIBOL,F,,,"['12', 'in/Family_3/Sirikit_mother']"
859,Adulyadej Bhumibol,ADULYADEJ.BHUMIBOL,M,,142.0,"['in/Family_3/Adulyadej Bhumibol_father', '17', 'fr/Family_85/ADULYADEJ_BHUMIBOL_father']"
201,Stringhorn,ADULYADEJ.BHUMIBOL,F,859.0,143.0,['14']
615,Maha,ADULYADEJ.BHUMIBOL,M,859.0,143.0,"['in/Family_3/Maha_son', '18']"
164,Ubolratana,ADULYADEJ.BHUMIBOL,F,859.0,143.0,['15']
142,Srinagarindra,ADULYADEJ.BHUMIBOL,F,,,['13']
141,Galyani,ADULYADEJ.BHUMIBOL,F,,142.0,['11']
478,Ananda,ADULYADEJ.BHUMIBOL,M,,142.0,['16']
1022,Phoenix,AFFLECK.BEN,F,,,['20']
266,Violet,AFFLECK.BEN,F,78.0,813.0,['22']
78,Ben,AFFLECK.BEN,M,36.0,,['24']
447,Seraphina,AFFLECK.BEN,F,78.0,813.0,['21']
470,Atticus,AFFLECK.BEN,M,888.0,1022.0,['23']
813,Jennifer,AFFLECK.BEN,F,,,['19']
888,Casey,AFFLECK.BEN,M,36.0,,['25']
481,Indiana,AFFLECK.BEN,M,888.0,1022.0,['26']
36,Timothy,AFFLECK.BEN,M,,,['27']
25,Yasser,ARAFAT.YASSER,M,,,['38']
449,Zahwa,ARAFAT.YASSER,F,25.0,632.0,['36']
26,Fathi,ARAFAT.YASSER,M,,,['37']
632,Suha,ARAFAT.YASSER,F,,,['35']
6,Andres,ARANGO.ANDRES.PASTRANA,M,,,['42']
487,Laura,ARANGO.ANDRES.PASTRANA,F,6.0,419.0,['39']
419,Nohra,ARANGO.ANDRES.PASTRANA,F,,,['40']
578,Santiago,ARANGO.ANDRES.PASTRANA,M,6.0,419.0,['43']
446,Valentina,ARANGO.ANDRES.PASTRANA,F,6.0,419.0,['41']
443,Roberta,ARMANI.GIORGIO,F,219.0,,['45']
850,Silvana,ARMANI.GIORGIO,F,219.0,,['47']
219,Sergio,ARMANI.GIORGIO,M,,1094.0,['50']
32,Giorgio,ARMANI.GIORGIO,M,,1094.0,['49']
1094,Maria,ARMANI.GIORGIO,F,,,['44']
905,Andrea,ARMANI.GIORGIO,M,,,['48']
939,Rosanna,ARMANI.GIORGIO,F,,,['46']
734,Luke,ARMSTRONG.LANCE,M,766.0,778.0,['58']
948,Grace,ARMSTRONG.LANCE,F,766.0,778.0,['52']
849,Isabelle,ARMSTRONG.LANCE,F,766.0,778.0,['53']
778,Kristin,ARMSTRONG.LANCE,F,,,['54']
249,Olivia,ARMSTRONG.LANCE,F,766.0,286.0,['55']
286,Anna,ARMSTRONG.LANCE,F,,,['51']
766,Lance,ARMSTRONG.LANCE,M,,,['57']
493,Delphine,ARNAULT.BERNARD,F,652.0,,['60']
804,Frederic,ARNAULT.BERNARD,M,652.0,335.0,['65']
1000,Antoine,ARNAULT.BERNARD,M,652.0,,['63']
652,Bernard,ARNAULT.BERNARD,M,,,['64']
335,Helene,ARNAULT.BERNARD,F,,,"['61', 'in/Family_10/Helene_mother']"
800,Alex,ARNAULT.BERNARD,M,652.0,335.0,['62']
792,Jose,ARROYO.GLORIA,M,,,['68']
138,Gloria,ARROYO.GLORIA,F,,,['66']
276,Baranski Christine,BARANSKI.CHRISTINE,F,,,"['fr/Family_4/BARANSKI_CHRISTINE_mother', '69']"
529,Lily Cowles,BARANSKI.CHRISTINE,F,984.0,276.0,"['71', 'fr/Family_4/lily_cowles_daughter']"
957,Javier,BARDEM-CRUZ.JAVIER&PENELOPE,M,,436.0,['77']
451,Penelope,BARDEM-CRUZ.JAVIER&PENELOPE,F,,,['74']
436,Pilar,BARDEM-CRUZ.JAVIER&PENELOPE,F,,,['75']
452,Monica,BARDEM-CRUZ.JAVIER&PENELOPE,F,,,['73']
958,Carlos,BARDEM-CRUZ.JAVIER&PENELOPE,M,,436.0,['76']
950,Gloria,BARNES.MATT,F,,,"['in/Family_6/Gloria_mother', '79']"
172,Carter,BARNES.MATT,M,311.0,950.0,"['80', 'in/Family_6/Carter_son']"
171,Isiah,BARNES.MATT,M,311.0,950.0,"['81', 'in/Family_13/Isiah_son']"
311,Barnes Matt,BARNES.MATT,M,,,"['in/Family_6/Barnes Matt_father', '82', 'in/Family_13/Barnes Matt_father']"
261,Claudine,BARRETTO.CLAUDINE,F,,,['83']
820,Raymart,BARRETTO.CLAUDINE,M,,,['84']
260,Rodrigo,BARRETTO.CLAUDINE,M,820.0,261.0,['85']
989,Sean,BEAN.SEAN,M,,,['90']
465,Molly,BEAN.SEAN,F,989.0,646.0,['89']
466,Lorna,BEAN.SEAN,F,989.0,646.0,['87']
646,Melanie,BEAN.SEAN,F,,,['88']
786,Madeline,BEAVER.CECILY,F,20.0,927.0,['92']
927,Cecily,BEAVER.CECILY,F,,,['91']
20,Jim,BEAVER.CECILY,M,,,['93']
303,Romeo Beckham,BECKHAM.DAVID,M,1070.0,322.0,"['99', 'in/Family_20/Romeo_Beckham_son']"
254,Cruz,BECKHAM.DAVID,M,1070.0,322.0,['97']
1070,David,BECKHAM.DAVID,M,,,['98']
241,Harper,BECKHAM.DAVID,F,1070.0,322.0,['94']
322,Victoria,BECKHAM.DAVID,F,,,['95']
308,Brooklyn,BECKHAM.DAVID,M,1070.0,322.0,['96']
521,Lily Mo Sheen,BECKINSDALE.KATE,F,4.0,441.0,"['102', 'fr/Family_48/Lily_Mo_Sheen_daughter']"
675,Judy,BECKINSDALE.KATE,F,,,['100']
936,Richard,BECKINSDALE.KATE,M,,,['103']
441,Beckinsale Kate,BECKINSDALE.KATE,F,936.0,675.0,"['101', 'fr/Family_48/BECKINSALE_KATE_mother']"
176,Trinity,BOSH.CHRIS,F,147.0,889.0,['120']
177,Jackson,BOSH.CHRIS,M,147.0,889.0,['122']
889,Adrienne,BOSH.CHRIS,F,,,['118']
147,Chris,BOSH.CHRIS,M,189.0,,['121']
149,Joel,BOSH.CHRIS,M,189.0,,['123']
189,Noel,BOSH.CHRIS,M,,,['124']
291,John,BRADY-BUNDCHEN,M,1097.0,498.0,['129']
498,Gisele,BRADY-BUNDCHEN,F,,,['126']
434,Galynn,BRADY-BUNDCHEN,F,,,['125']
1097,Brady,BRADY-BUNDCHEN,M,744.0,434.0,['128']
744,Tom Sr.,BRADY-BUNDCHEN,M,,,['130']
257,Benjamin,BRADY-BUNDCHEN,M,1097.0,498.0,['127']
755,Harold,BRAFF.ZACH,M,,,['133']
1112,Zach,BRAFF.ZACH,M,755.0,377.0,['135']
1064,Adam,BRAFF.ZACH,M,755.0,377.0,['132']
377,Anne,BRAFF.ZACH,F,,,['131']
944,Joshua,BRAFF.ZACH,M,755.0,377.0,['134']
671,Caroline,BULLOCK.STEVE,F,541.0,484.0,['154']
541,Steve,BULLOCK.STEVE,M,,,['157']
524,Alexandra,BULLOCK.STEVE,F,541.0,484.0,['153']
262,Cameron,BULLOCK.STEVE,M,541.0,484.0,['156']
484,Lisa,BULLOCK.STEVE,F,,,['155']
836,Beatriz,Bonner.William,F,628.0,651.0,['727']
450,Laura,Bonner.William,F,628.0,651.0,['729']
628,William,Bonner.William,M,,,['731']
651,Fatima,Bonner.William,F,,,['728']
371,Vinicius,Bonner.William,M,628.0,651.0,['730']
997,Wayne,Brady.Wayne,M,,,['801']
797,Mandie,Brady.Wayne,F,,,['800']
114,Maile,Brady.Wayne,F,997.0,797.0,['799']
1100,Scott,CAAN.JAMES,M,55.0,,['162']
374,Linda,CAAN.JAMES,F,,,['158']
55,James,CAAN.JAMES,M,,,['160']
641,Christopher Gavigan,CAPSHAW-GAVIGAN,M,,,"['in/Family_26/Christopher Gavigan_father', '174']"
216,Kate,CAPSHAW-GAVIGAN,F,,,['172']
672,Jessica Capshaw,CAPSHAW-GAVIGAN,F,,216.0,"['171', 'in/Family_26/Jessica Capshaw_mother']"
207,Luke,CAPSHAW-GAVIGAN,M,641.0,672.0,['175']
215,Poppy,CAPSHAW-GAVIGAN,F,641.0,672.0,['173']
217,Eve,CAPSHAW-GAVIGAN,F,641.0,672.0,['170']
314,Joseph,CASH.JOHNNY,M,594.0,,['184']
554,June,CASH.JOHNNY,F,,,['182']
594,John,CASH.JOHNNY,M,,554.0,['183']
752,Cynthia,CLEESE.JOHN,F,5.0,,['188']
375,Alyce,CLEESE.JOHN,F,,,['185']
5,John,CLEESE.JOHN,M,,,['191']
725,Camila,CLEESE.JOHN,F,5.0,834.0,['187']
834,Barbara,CLEESE.JOHN,F,,,['186']
373,Jennifer,CLEESE.JOHN,F,,,['189']
405,Courtney Love (wife),Cobain.Kurt,F,,,['871']
919,Frances (daughter),Cobain.Kurt,F,,,['872']
1037,Kurt,Cobain.Kurt,M,,,['870']
417,Mary,DESCHANEL.ZOOEY,F,,,['195']
203,Emily,DESCHANEL.ZOOEY,F,56.0,417.0,['194']
56,Caleb,DESCHANEL.ZOOEY,M,,,['197']
1063,Zooey,DESCHANEL.ZOOEY,F,56.0,417.0,['196']
117,Wanda,DURANT.KEVIN,F,,118.0,['199']
188,Wayne,DURANT.KEVIN,M,,,['202']
118,Barbara,DURANT.KEVIN,F,,,['198']
150,Tony,DURANT.KEVIN,M,188.0,117.0,['201']
89,Kevin,DURANT.KEVIN,M,188.0,117.0,['200']
1021,Jesse,DYLAN.BOB,M,806.0,,['209']
832,Anna,DYLAN.BOB,F,806.0,,['203']
806,Robert,DYLAN.BOB,M,,,['210']
768,Jakob Dylan,DYLAN.BOB,M,806.0,,"['in/Family_32/Jakob_Dylan_father', '207']"
1028,Drena (daughter),De Niro. Drena,F,,,['864']
547,Raphael (son),De Niro. Raphael,M,,,['865']
1087,Robert,De Niro. Robert,M,,,['863']
827,Robert Sr. (father),De Niro. Robert Sr.,M,,,['866']
293,Charli (daughter),Dixie D'Amelio,F,,,['844']
843,Heidi (mother),Dixie D'Amelio,F,,,['842']
294,Dixie (daughter),Dixie D'Amelio,F,,,['843']
1082,Marc (father),Dixie D'Amelio,M,,,['841']
378,Diana (mother),Douglas.Michael,F,,,['847']
438,Catherine Zeta Jones,Douglas.Michael,F,,,"['849', 'fr/Family_77/Catherine_Zeta-Jones_mother']"
973,Cameron (son),Douglas.Michael,M,,,['850']
602,Michael Douglas,Douglas.Michael,M,,,"['845', 'fr/Family_77/Michael_Douglas_father']"
37,Kirk (father),Douglas.Michael,M,,,['846']
306,Dylan Michael (son),Douglas.Michael,M,,,['848']
343,Maggie,EASTWOOD-JOHNSON,F,,,['213']
28,Eastwood Clint,EASTWOOD-JOHNSON,M,,,"['220', 'fr/Family_65/Clint_eastwood_father', '214', 'in/Family_33/Eastwood Clint_father']"
396,Allison,EASTWOOD-JOHNSON,F,28.0,343.0,"['216', '212']"
1083,Kyle,EASTWOOD-JOHNSON,M,28.0,343.0,"['221', '215']"
790,Dina,Eastwood.Clint,F,,,['217']
340,Sandra,Eastwood.Clint,F,,,['219']
325,Morgan,Eastwood.Clint,F,28.0,790.0,['218']
875,Gail,Engvall.Bill,F,,,['825']
318,Travis,Engvall.Bill,M,985.0,875.0,['827']
647,Emily,Engvall.Bill,F,985.0,875.0,['824']
985,Bill,Engvall.Bill,M,,,['826']
633,Addie,Esten.Charles,F,1010.0,751.0,['802']
751,Patty,Esten.Charles,F,,,['804']
274,Cynthia,Esten.Charles,F,,,['803']
1010,Charles,Esten.Charles,M,,274.0,['805']
65,Willem,FERDINAND.WILLEM-ALEXANDER,M,,,['227']
290,Maxima,FERDINAND.WILLEM-ALEXANDER,F,,,['226']
2,Alexia,FERDINAND.WILLEM-ALEXANDER,F,65.0,290.0,['223']
223,Ariane,FERDINAND.WILLEM-ALEXANDER,F,65.0,290.0,['225']
561,Amalia,FERDINAND.WILLEM-ALEXANDER,F,65.0,290.0,['224']
914,Patrick (brother Of Will),FERREL.WILL,M,,,['238']
206,Mattias (second Son Of Will),FERREL.WILL,M,689.0,658.0,['237']
226,Axel (third Child Of Will),FERREL.WILL,M,689.0,658.0,['235']
658,Viveca (wife Of Will),FERREL.WILL,F,,,['234']
228,Magnus (son Of Will),FERREL.WILL,M,689.0,658.0,['236']
689,Will Ferrell,FERREL.WILL,M,,,['239']
902,Clara,FORD.HENRY,F,,,['248']
838,Edsel,FORD.HENRY,M,638.0,902.0,['250']
638,Henry,FORD.HENRY,M,,,['251']
284,Myrna,FREEMAN.MORGAN,F,,,['279']
199,Morgana,FREEMAN.MORGAN,F,191.0,284.0,['278']
187,Alfonso,FREEMAN.MORGAN,M,191.0,284.0,['280']
191,Morgan Freeman,FREEMAN.MORGAN,M,,,['281']
134,Deena Adair,FREEMAN.MORGAN,F,191.0,284.0,['277']
384,Rose,FRIEDMAN.MILTON,F,,,['273']
49,Milton,FRIEDMAN.MILTON,M,,,['276']
18,Ron Howard,GABEL.SETH,M,,,['283']
269,Bryce,GABEL.SETH,F,18.0,,['282']
873,Seth,GABEL.SETH,M,,,['284']
922,Hannibal,GADDAFI.MUAMMAR,M,959.0,695.0,['289']
695,Safiya,GADDAFI.MUAMMAR,F,,,['287']
661,Aisha,GADDAFI.MUAMMAR,F,959.0,695.0,['286']
996,Saif,GADDAFI.MUAMMAR,M,959.0,695.0,['293']
921,Mutassim,GADDAFI.MUAMMAR,M,959.0,695.0,['292']
866,Mohammed,GADDAFI.MUAMMAR,M,959.0,695.0,['290']
925,Al-saadi,GADDAFI.MUAMMAR,M,959.0,695.0,['288']
959,Muammar,GADDAFI.MUAMMAR,M,,,['291']
1080,Radamel,GARCIA.RADAMEL,M,,,['296']
227,Desiree,GARCIA.RADAMEL,F,1080.0,1018.0,['294']
1018,Lorelei,GARCIA.RADAMEL,F,,,['295']
759,Andrew,GARFIELD.ANDREW,M,,,['299']
48,Grandfather,GARFIELD.ANDREW,M,,,['300']
1047,Marc,GASOL.PAU,M,,,['302']
1005,Pau,GASOL.PAU,M,,,['303']
590,Bill Gates,GATES.BILL,M,35.0,,"['307', 'fr/Family_68/Bill_gates_father']"
817,Melinda Gates,GATES.BILL,F,,,"['305', 'fr/Family_68/melinda_gates_mother']"
736,Rory,GATES.BILL,M,590.0,817.0,['309']
35,Bill Sr,GATES.BILL,M,,,['308']
994,Jennifer Katharine Gates,GATES.BILL,F,590.0,817.0,"['304', 'fr/Family_68/Jennifer_Katharine_Gates_daughter']"
468,Phoebe,GATES.BILL,F,590.0,817.0,['306']
38,Carl,GUSTAF.KING.CARL.XVI,M,,,['313']
974,Carl Philip,GUSTAF.KING.CARL.XVI,M,38.0,299.0,['314']
299,Silva,GUSTAF.KING.CARL.XVI,F,,,['311']
297,Victoria,GUSTAF.KING.CARL.XVI,F,38.0,299.0,['312']
781,Madeleine,GUSTAF.KING.CARL.XVI,F,38.0,299.0,['310']
247,Apple,GWYNETH.PALTROW,F,762.0,330.0,['325']
762,Chris,GWYNETH.PALTROW,M,,,['328']
327,Blythe,GWYNETH.PALTROW,F,,,['326']
330,Gwyneth,GWYNETH.PALTROW,F,,327.0,['327']
250,Moses,GWYNETH.PALTROW,M,762.0,330.0,['329']
839,Peter,GYLLENHAAL.JAKE,M,,,['335']
1109,Stephen,GYLLENHAAL.JAKE,M,,,['336']
1118,Jake,GYLLENHAAL.JAKE,M,1109.0,329.0,['334']
329,Naomi,GYLLENHAAL.JAKE,F,,,['332']
339,Maggie,GYLLENHAAL.JAKE,F,1109.0,329.0,['331']
932,Chris,Gronkowski.Rob,M,1061.0,393.0,['29']
977,Dan,Gronkowski.Rob,M,1061.0,393.0,['30']
393,Diane,Gronkowski.Rob,F,,,['28']
1061,Gord,Gronkowski.Rob,M,,,['32']
1106,Rob,Gronkowski.Rob,M,1061.0,393.0,['34']
931,Glenn,Gronkowski.Rob,M,1061.0,393.0,['31']
70,Gordie,Gronkowski.Rob,M,1061.0,393.0,['33']
128,Haven,HART.KEVIN,F,88.0,127.0,['337']
87,Robert,HART.KEVIN,M,,,['343']
88,Kevin,HART.KEVIN,M,,,['342']
127,Torrei,HART.KEVIN,F,,,['339']
175,Hendrix,HART.KEVIN,M,88.0,127.0,['340']
76,Tim,HASSELBECK.MATT&TIM,M,77.0,444.0,['347']
1026,Matt,HASSELBECK.MATT&TIM,M,77.0,444.0,['346']
77,Don,HASSELBECK.MATT&TIM,M,,,['345']
444,Mary,HASSELBECK.MATT&TIM,F,,,['344']
1050,Maria Teresa Mestre,HENRI.GRAND.DUKE.OF.LUXEMBOURG,F,,,"['fr/Family_35/Maria_Teresa_Mestre_mother', '350']"
24,Jean,HENRI.GRAND.DUKE.OF.LUXEMBOURG,M,,,['355']
589,Stephanie,HENRI.GRAND.DUKE.OF.LUXEMBOURG,F,,,['351']
248,Amalia,HENRI.GRAND.DUKE.OF.LUXEMBOURG,F,1015.0,837.0,['348']
837,Claire,HENRI.GRAND.DUKE.OF.LUXEMBOURG,F,,,['349']
9,Henri,HENRI.GRAND.DUKE.OF.LUXEMBOURG,M,24.0,,['354']
971,Guillaume,HENRI.GRAND.DUKE.OF.LUXEMBOURG,M,9.0,1050.0,['353']
1015,Felix,HENRI.GRAND.DUKE.OF.LUXEMBOURG,M,9.0,1050.0,['352']
844,Luca,HEPBURN.AUDREY,M,,867.0,['358']
595,Mel,HEPBURN.AUDREY,M,,,['359']
867,Audrey,HEPBURN.AUDREY,F,,,['356']
990,Sean,HEPBURN.AUDREY,M,595.0,867.0,['360']
585,Mohamed (father),Hadid.Bella,M,,,"['fr/Family_47/Mohamed_Hadid_father', '858']"
640,Bella,Hadid.Bella,F,,,['855']
411,Yolanda (mother),Hadid.Bella,F,,,"['857', 'fr/Family_47/Yolanda_Hadid_mother']"
499,Gigi (sister),Hadid.Bella,F,585.0,411.0,"['856', 'fr/Family_47/Gigi_hadid_daughter']"
130,Ata,JOHNSON.DWAYNE,F,,,['361']
1069,Dany Garcia,JOHNSON.DWAYNE,F,,,['362']
613,Dwayne,JOHNSON.DWAYNE,M,,130.0,['364']
454,Simone,JOHNSON.DWAYNE,F,613.0,1069.0,['363']
680,Kendall (sister),Jenner.Kylie,F,,,['860']
1036,Kylie,Jenner.Kylie,F,,,['859']
135,Kris (mother),Jenner.Kylie,F,,,['861']
791,Bruce (father),Jenner.Kylie,M,,,['862']
518,Reese,KASICH.JOHN,F,688.0,568.0,['367']
519,Emma,KASICH.JOHN,F,688.0,568.0,['365']
568,Karen,KASICH.JOHN,F,,,['366']
688,John,KASICH.JOHN,M,,,['368']
491,Kate,KATE.MOSS,F,,,['369']
504,Lila Grace,KATE.MOSS,F,,491.0,['370']
528,Svetlana Medvedeva,KING.JUAN.CARLOS.I,F,,,['378']
319,Sofia (infant),KING.JUAN.CARLOS.I,F,986.0,720.0,['377']
550,Sofia,KING.JUAN.CARLOS.I,F,,,['376']
321,Leonor,KING.JUAN.CARLOS.I,F,986.0,720.0,['374']
943,Juan Carlos,KING.JUAN.CARLOS.I,M,,,['381']
720,Letizia Ortiz,KING.JUAN.CARLOS.I,F,,,"['fr/Family_3/Letizia_Ortiz_mother', '375']"
485,Elena,KING.JUAN.CARLOS.I,F,943.0,550.0,['373']
486,Cristina,KING.JUAN.CARLOS.I,F,943.0,550.0,['372']
986,Felipe Vi,KING.JUAN.CARLOS.I,M,943.0,550.0,"['380', 'fr/Family_3/Felipe_VI_father']"
542,Dmitry Medvedev,KING.JUAN.CARLOS.I,M,,,['379']
356,Dexter,KING.MARTIN.LUTHER,M,184.0,125.0,['387']
185,Mlk Iii,KING.MARTIN.LUTHER,M,184.0,125.0,['388']
184,Mlk Jr.,KING.MARTIN.LUTHER,M,123.0,181.0,['389']
123,Mlk Sr.,KING.MARTIN.LUTHER,M,,,['390']
115,Bernice,KING.MARTIN.LUTHER,F,184.0,125.0,['384']
119,Alveda,KING.MARTIN.LUTHER,F,,,['383']
181,Alberta,KING.MARTIN.LUTHER,F,,,['382']
121,Yolanda,KING.MARTIN.LUTHER,F,184.0,125.0,['386']
125,Coretta,KING.MARTIN.LUTHER,F,,,['385']
169,Johan,KLUM-SAMUEL,M,281.0,326.0,['395']
170,Henry,KLUM-SAMUEL,M,281.0,326.0,['394']
239,Leni,KLUM-SAMUEL,F,,326.0,['392']
326,Heidi,KLUM-SAMUEL,F,,,['391']
179,Lou,KLUM-SAMUEL,F,281.0,326.0,['393']
281,Seal,KLUM-SAMUEL,M,,,['396']
27,Phil Knight,KNIGHT.PHIL,M,,,['397']
1039,Travis,KNIGHT.PHIL,M,27.0,,['398']
386,Sharman,KNIGHTLEY.KEIRA,F,,,['400']
51,Will,KNIGHTLEY.KEIRA,M,,,['402']
563,Keira,KNIGHTLEY.KEIRA,F,51.0,386.0,['399']
903,Caleb,KNIGHTLEY.KEIRA,M,51.0,386.0,['401']
33,William Koch,KOCH.FRED,M,,,['406']
34,David Koch,KOCH.FRED,M,,,['404']
823,Fred Koch,KOCH.FRED,M,,,['405']
47,Charles Koch,KOCH.FRED,M,,,['403']
621,Joshua,Kraft.Robert,M,73.0,273.0,['603']
1095,Jonathan,Kraft.Robert,M,73.0,273.0,['602']
73,Robert,Kraft.Robert,M,,,['604']
273,Myra,Kraft.Robert,F,,,['599']
1096,Wyatt (son),Kurt.Russell,F,,,['869']
408,Goldie Hawn (mother),Kurt.Russell,F,,,"['fr/Family_16/goldie_hawn_mother', '868']"
749,Kurt,Kurt.Russell,M,,,['867']
536,Julian,LENNON.JOHN,M,534.0,344.0,"['in/Family_59/Julian_son', '410']"
534,John,LENNON.JOHN,M,,,['409']
969,Sean,LENNON.JOHN,M,534.0,552.0,['411']
344,Cynthia,LENNON.JOHN,F,,,"['in/Family_59/Cynthia_mother', '407']"
552,Yoko,LENNON.JOHN,F,,,['408']
698,Charles Sr.,LINDBERGH.CHARLES,M,,,['419']
11,Charles,LINDBERGH.CHARLES,M,698.0,,['418']
167,Lucy Liu,LIU.LUCY,F,,137.0,['421']
738,John,LIU.LUCY,M,,137.0,['422']
137,Cecilia,LIU.LUCY,F,,,['420']
930,Ali,LOHAN.LINDSAY,F,539.0,459.0,['423']
802,Cody,LOHAN.LINDSAY,M,539.0,459.0,['426']
1113,Michael Jr.,LOHAN.LINDSAY,M,539.0,459.0,['428']
539,Michael Lohan,LOHAN.LINDSAY,M,,,"['fr/Family_23/Michael_Lohan_father', '427']"
459,Dina Lohan,LOHAN.LINDSAY,F,,,"['424', 'fr/Family_23/Dina_Lohan_mother']"
456,Lohan Lindsay,LOHAN.LINDSAY,F,539.0,459.0,"['425', 'fr/Family_23/LOHAN_LINDSAY_daughter']"
619,Satchel,Lee.Spike,F,156.0,618.0,['807']
157,Jackson,Lee.Spike,M,156.0,618.0,['809']
156,Spike,Lee.Spike,M,,,['810']
618,Tonya,Lee.Spike,F,,,['808']
1004,Marcio,Leitte.Claudia,M,,,['736']
222,Davi,Leitte.Claudia,M,1004.0,816.0,['735']
59,Claudio,Leitte.Claudia,M,,,['734']
208,Rafael,Leitte.Claudia,M,1004.0,816.0,['737']
816,Claudia,Leitte.Claudia,F,59.0,413.0,['732']
413,Ilna,Leitte.Claudia,F,,,['733']
420,Pam (mother),Logan Paul,F,,,['838']
933,Logan (son),Logan Paul,M,,,['839']
935,Jake (son),Logan Paul,M,,,['840']
22,Greg (father),Logan Paul,M,,,['837']
351,Jill,MA.YO-YO,F,,,['437']
793,Yo-yo,MA.YO-YO,M,,,['438']
229,Kaito,MACHIDA.LYOTO,M,,812.0,['440']
812,Fabyola,MACHIDA.LYOTO,F,,,['439']
259,Taiyo,MACHIDA.LYOTO,M,,812.0,['442']
887,Pasquale,MADISON.HOLLY,M,,,['445']
220,Rainbow,MADISON.HOLLY,F,887.0,1099.0,['444']
1099,Holly,MADISON.HOLLY,F,,,['443']
880,Guy,MADONNA,M,,,['448']
494,Madonna,MADONNA,F,,,"['in/Family_64/Madonna_mother', '447']"
479,Rocco,MADONNA,M,880.0,494.0,['449']
596,Lourdes Leon,MADONNA,F,1009.0,494.0,"['fr/Family_31/Lourdes_Leon_daughter', '446']"
68,Archie,MANNING.PEYTON,M,,,['451']
1104,Eli,MANNING.PEYTON,M,68.0,,['452']
508,Ashley,MANNING.PEYTON,F,,,['450']
1025,Peyton,MANNING.PEYTON,M,68.0,,['454']
225,Marshall,MANNING.PEYTON,M,1025.0,508.0,['453']
139,Vilma,MANZANO.LUIS,F,,,"['in/Family_67/Vilma_mother', '455']"
1101,Luis,MANZANO.LUIS,M,960.0,139.0,['457']
960,Luis,MANZANO.LUIS,M,,,"['456', 'in/Family_67/Luis_father']"
648,Kathleen,MARA.ROONEY,F,,,['459']
285,Kate,MARA.ROONEY,F,,648.0,['458']
1068,Rooney,MARA.ROONEY,F,,648.0,['460']
717,Ellen,MARANO.LAURA&VANESSA,F,,,['461']
483,Vanessa,MARANO.LAURA&VANESSA,F,549.0,717.0,['463']
549,Damiano,MARANO.LAURA&VANESSA,M,,,['464']
448,Laura,MARANO.LAURA&VANESSA,F,549.0,717.0,['462']
1076,W,MESSI.LIONEL,F,,,['467']
469,S1,MESSI.LIONEL,M,1040.0,1076.0,['472']
992,F,MESSI.LIONEL,M,,,['470']
1114,B2,MESSI.LIONEL,M,992.0,,['469']
350,Sis,MESSI.LIONEL,F,992.0,,['466']
1040,Lionel,MESSI.LIONEL,M,992.0,,['471']
913,B1,MESSI.LIONEL,M,992.0,,['468']
636,Ariel,MEYERS.SETH,F,,,['473']
606,Seth,MEYERS.SETH,M,,,['476']
775,W,MEYERS.SETH,F,,,['474']
934,Josh,MEYERS.SETH,M,,,['475']
767,Lars,MIKKELSEN.MADS,M,,,['480']
1054,Carl,MIKKELSEN.MADS,M,80.0,1073.0,['479']
1058,Viola,MIKKELSEN.MADS,F,80.0,1073.0,['478']
80,Mads,MIKKELSEN.MADS,M,,,['481']
1073,Hanne,MIKKELSEN.MADS,F,,,['477']
893,Tom,MILLER.SIENNA,M,,,['491']
474,Siena,MILLER.SIENNA,F,,,['490']
268,Marlowe,MILLER.SIENNA,F,893.0,474.0,['489']
1108,William Murray,MURRAY.ANDY,M,,,['496']
757,Andy Murray,MURRAY.ANDY,M,1108.0,421.0,['494']
756,James,MURRAY.ANDY,M,1108.0,421.0,['495']
421,Judy,MURRAY.ANDY,F,,,['492']
635,Talulah,MUSK.ELON,F,,,['498']
753,Justine,MUSK.ELON,F,,,['497']
1029,Elon,MUSK.ELON,M,,,['500']
982,Macdowell Andie,McDowell.Andie,F,,,"['fr/Family_39/MacDowell_Andie_mother', '817']"
916,Rainey Qualley,McDowell.Andie,F,629.0,982.0,"['818', 'fr/Family_39/Rainey_Qualley_daughter']"
918,Sarah,McDowell.Andie,F,,982.0,['819']
66,Brian,Miller.Brian,M,,,['484']
926,Sadie,Miller.Brian,F,66.0,901.0,['483']
901,Elizabeth,Miller.Brian,F,,,['482']
1043,Besnik,ORA.RITA,M,,,['515']
870,Vera,ORA.RITA,F,,,['514']
760,Elena,ORA.RITA,F,1043.0,870.0,['512']
666,Rita,ORA.RITA,F,1043.0,870.0,['513']
799,Don,ORA.RITA,M,1043.0,870.0,['516']
100,Malia (daughter),Obama.Barack,F,611.0,103.0,"['875', 'fr/Family_18/Malia_Obama_daughter']"
102,Sasha (daughter),Obama.Barack,F,,,['876']
103,Michelle (wife),Obama.Barack,F,,,"['874', 'fr/Family_18/michelle_obama_mother']"
611,Barack Obama,Obama.Barack,M,,,"['fr/Family_18/Barack_Obama_father', '873']"
789,Aimee (daughter,Osbourne.Ozzy,F,,,['835']
399,Sharon Osbourne,Osbourne.Ozzy,F,,,"['833', 'fr/Family_25/Sharon_Osbourne_mother']"
317,Jack (son),Osbourne.Ozzy,M,,,['836']
287,Ozzy Osbourne,Osbourne.Ozzy,M,,,"['832', 'fr/Family_25/ozzy_osbourne_father']"
463,Kelly (daughter),Osbourne.Ozzy,F,287.0,399.0,"['834', 'fr/Family_25/Kelly_Osbourne_daughter']"
741,Stefan,PERSSON.STEFAN,M,,,['519']
395,Denise,PERSSON.STEFAN,F,,,['517']
924,James,PHELP.JAMES&OLIVER,M,,,['520']
923,Oliver,PHELP.JAMES&OLIVER,M,,,['521']
706,Angelina Jolie,PITT-JOLIE,F,62.0,715.0,"['522', 'in/Family_119/Angelina Jolie_mother', 'fr/Family_36/angelina_jolie_daughter', 'in/Family_72/Angelina_mother']"
236,Knox,PITT-JOLIE,M,572.0,706.0,"['529', 'in/Family_72/Knox_son']"
234,Shiloh,PITT-JOLIE,F,572.0,706.0,['523']
572,Brad Pitt,PITT-JOLIE,M,748.0,346.0,"['525', 'in/Family_119/Brad Pitt_father', 'in/Family_72/Brad Pitt_father', 'in/Family_118/Brad Pitt_son']"
346,Jane Etta,PITT-JOLIE,M,,,"['in/Family_118/Jane Etta_mother', '527']"
577,Doug,PITT-JOLIE,M,346.0,,['526']
252,Vivienne,PITT-JOLIE,F,572.0,706.0,['524']
62,Jon Voight,PITT-JOLIE,M,,,"['528', 'fr/Family_36/Jon_Voight_father']"
776,Ellen,POMPEO.ELLEN,F,,,['530']
796,Chris,POMPEO.ELLEN,M,,,['532']
53,Avner,PORTMAN.NATALIE,M,,,['537']
954,Shelley,PORTMAN.NATALIE,F,,,['535']
967,Ben,PORTMAN.NATALIE,M,,,['538']
209,Aleph,PORTMAN.NATALIE,M,967.0,562.0,['536']
562,Natalie,PORTMAN.NATALIE,F,53.0,954.0,['534']
183,Kannika,PULVER.JENS,F,,,['548']
904,Jens,PULVER.JENS,M,,,['549']
258,Karson,PULVER.JENS,M,904.0,183.0,['550']
851,Jonah (brother),Platt.Ben,M,,,['852']
852,Ben,Platt.Ben,M,,,['851']
605,Marc (father),Platt.Ben,M,,,['854']
842,Julie (mother),Platt.Ben,F,,,['853']
513,Yekaterina,Putin.Vladimir,F,862.0,1032.0,['553']
1032,Lyudmila,Putin.Vladimir,F,,,['551']
862,Putin,Putin.Vladimir,M,,,['554']
704,Mariya,Putin.Vladimir,F,862.0,1032.0,['552']
369,Rivers Joan,RIVERS.JOAN,F,,,"['fr/Family_74/RIVERS_JOAN_mother', '558']"
367,Melissa Rivers,RIVERS.JOAN,F,599.0,369.0,"['fr/Family_74/Melissa_Rivers_daughter', '559']"
599,Edgar Rosenberg,RIVERS.JOAN,M,,367.0,"['560', 'fr/Family_74/Edgar_Rosenberg_father']"
1023,Arjen,ROBBEN.ARJEN,M,,,['564']
221,Kai,ROBBEN.ARJEN,M,1023.0,1030.0,['565']
1030,Bernadien,ROBBEN.ARJEN,F,,,['562']
218,Lynn,ROBBEN.ARJEN,F,1023.0,1030.0,['563']
210,Luka,ROBBEN.ARJEN,M,1023.0,1030.0,['566']
379,Betty,ROBERTS.JULIA,F,,,['567']
263,Phinnaeus,ROBERTS.JULIA,M,,811.0,['573']
705,Emma,ROBERTS.JULIA,F,697.0,,['568']
697,Eric,ROBERTS.JULIA,M,,379.0,['572']
811,Julia,ROBERTS.JULIA,F,,379.0,['570']
238,Hazel,ROBERTS.JULIA,F,,,['569']
94,Zahra,ROCK.CHRIS,F,85.0,136.0,['576']
95,Lola,ROCK.CHRIS,F,85.0,136.0,['574']
85,Chris,ROCK.CHRIS,M,,,['577']
193,Tony,ROCK.CHRIS,M,,,['578']
136,Malaak,ROCK.CHRIS,F,,,['575']
349,Julie,RUDD.PAUL,F,,,['589']
366,Jack,RUDD.PAUL,M,,,['590']
976,Paul,RUDD.PAUL,M,,,['591']
240,Darby,RUDD.PAUL,F,976.0,349.0,['588']
96,Violet,Ripken.Cal,F,,,['432']
126,Rachel,Ripken.Cal,F,200.0,,['431']
200,Cal,Ripken.Cal,M,,96.0,['434']
93,Bill,Ripken.Cal,M,,96.0,['433']
1086,Maya,Rudolph.Maya,F,584.0,133.0,['811']
122,Marc,Rudolph.Maya,M,584.0,133.0,['814']
584,Richard,Rudolph.Maya,M,,,['816']
1115,Paul,Rudolph.Maya,M,,,['815']
133,Minnie Sr.,Rudolph.Maya,F,,,['813']
906,Johnathan,SACCONE-JOLY.ANNA,M,,,['595']
1017,Jolyanna,SACCONE-JOLY.ANNA,F,,,['593']
213,Eduardo,SACCONE-JOLY.ANNA,M,906.0,1017.0,['594']
214,Emilia,SACCONE-JOLY.ANNA,F,906.0,1017.0,['592']
942,J.d,SALINGER..J.D,M,,,['606']
416,Margaret,SALINGER..J.D,F,942.0,,['605']
264,Ella,SANDERS.BERNIE,F,1048.0,,['607']
354,Jane,SANDERS.BERNIE,F,,,['608']
41,Bernie,SANDERS.BERNIE,M,,,['609']
1048,Levi,SANDERS.BERNIE,M,41.0,,['612']
556,Larry,SANDERS.BERNIE,M,,,['611']
253,Dylan,SANDERS.BERNIE,M,1048.0,,['610']
1085,Jackie,SANDLER.ADAM,F,,,['613']
1049,Adam,SANDLER.ADAM,M,,,['616']
358,Sunny,SANDLER.ADAM,F,1049.0,1085.0,['615']
359,Sadie,SANDLER.ADAM,F,1049.0,1085.0,['614']
424,Maria,SCHAEFFLER.GEORG,F,,,['620']
1075,Georg,SCHAEFFLER.GEORG,M,,424.0,['621']
376,Joan,SCHRIVER.EUNICE,F,,,['624']
897,Sargent,SCHRIVER.EUNICE,M,,,['625']
272,Eunice,SCHRIVER.EUNICE,F,,,['623']
533,Ethel,SCHRIVER.EUNICE,F,,,['622']
461,Gina Maria Schumacher,SCHUMACHER.MICHAEL,F,729.0,525.0,"['fr/Family_97/Gina_Maria_Schumacher_daughter', '627']"
729,Schumacher Michael,SCHUMACHER.MICHAEL,M,,,"['628', 'fr/Family_97/SCHUMACHER_MICHAEL_father', 'in/Family_82/Schumacher MICHAEL_father']"
732,Mick,SCHUMACHER.MICHAEL,M,729.0,525.0,"['629', 'in/Family_82/Mick_son']"
525,Corinna Betsch,SCHUMACHER.MICHAEL,F,,,"['in/Family_82/Corinna_mother', 'fr/Family_97/Corinna_Betsch_mother', '626']"
565,Jaclyn,SMITH.JACLYN,F,,,['630']
659,Anthony,SMITH.JACLYN,M,,,['632']
425,Margaret,SMITH.JACLYN,F,659.0,565.0,['631']
338,Maggie,SMITH.MAGGIE,F,,,['634']
571,Robert,SMITH.MAGGIE,M,,,['636']
19,Chris,SMITH.MAGGIE,M,571.0,338.0,['635']
764,Toby Stephen,SMITH.MAGGIE,M,571.0,338.0,['637']
953,Laura,SMITH.MATT,F,,,['638']
1014,Matt,SMITH.MATT,M,,,['641']
610,Fivel,STEWART.BOOBOO,F,938.0,,['647']
739,Booboo,STEWART.BOOBOO,M,938.0,,['649']
938,Nils Allen,STEWART.BOOBOO,M,,,['650']
1020,Nathan,STEWART.JON,M,601.0,774.0,['654']
601,Jon,STEWART.JON,M,,,['653']
774,Tracey,STEWART.JON,F,,,['652']
341,Jehan,Sadat.Anwar,F,,,['597']
657,Camelia,Sadat.Anwar,F,83.0,341.0,['596']
83,Anwar,Sadat.Anwar,M,,,['598']
719,Marcelo,Sangalo.Ivete,M,865.0,724.0,['740']
724,Ivete,Sangalo.Ivete,F,,,['738']
865,Daniel,Sangalo.Ivete,M,,,['739']
679,Patricia,Santos.Silvio,F,1105.0,362.0,['756']
362,Iris,Santos.Silvio,F,,,['755']
440,Daniela,Santos.Silvio,F,1105.0,362.0,['754']
1105,Silvio,Santos.Silvio,M,,,['759']
471,Renata,Santos.Silvio,F,1105.0,362.0,['758']
472,Rebeca,Santos.Silvio,F,1105.0,362.0,['757']
154,Jaden (son),Smith.Will,M,158.0,90.0,"['830', 'in/Family_116/Jaden Smith_son']"
158,Will Smith,Smith.Will,M,192.0,124.0,"['in/Family_116/Will Smith_father', 'in/Family_117/Will Smith_father', 'fr/Family_20/will_smith_father', 'in/Family_115/Will Smith_son', '828']"
90,Jada Pinkett Smith,Smith.Will,F,,,"['in/Family_116/Jada Pinkett Smith_mother', '829', 'fr/Family_20/jada_pinkett_smith_mother']"
109,Willow (daughter),Smith.Will,F,158.0,90.0,"['fr/Family_20/willow_smith_daughter', '831']"
305,Levon,THURMAN.UMA,M,625.0,488.0,['662']
46,Rob,THURMAN.UMA,M,,,['664']
488,Uma Thurman,THURMAN.UMA,F,46.0,342.0,"['fr/Family_58/Uma_thurman_mother', '658']"
342,Nena,THURMAN.UMA,F,,,['656']
639,Dechen,THURMAN.UMA,M,46.0,342.0,['659']
702,Maya,THURMAN.UMA,F,625.0,488.0,['655']
686,Nipam,THURMAN.UMA,M,46.0,342.0,['663']
625,Ethan Hawke,THURMAN.UMA,M,,,"['660', 'fr/Family_58/ethan_hawke_father']"
467,Meghan Trainor,TRAINOR.MEGHAN,F,58.0,,['665']
830,Justin Trainor,TRAINOR.MEGHAN,M,,,['667']
58,Gary Trainor,TRAINOR.MEGHAN,M,,,['666']
853,Jett,TRAVOLTA.JOHN,M,965.0,566.0,['672']
955,Ella,TRAVOLTA.JOHN,F,965.0,566.0,['669']
965,John,TRAVOLTA.JOHN,M,,,['673']
566,Kelly,TRAVOLTA.JOHN,F,,,['670']
256,Benjamin,TRAVOLTA.JOHN,M,965.0,566.0,['671']
664,Lottie (half Sister),Tomilson.Louis,F,,,['881']
233,Daisy (half Sister),Tomilson.Louis,F,,,['882']
665,Felicite (half Sister),Tomilson.Louis,F,,,['880']
212,Freddie (son),Tomilson.Louis,M,,,['884']
570,Troy (father),Tomilson.Louis,M,,,['878']
232,Phoebe (half Sister),Tomilson.Louis,F,,,['883']
1034,Louis,Tomilson.Louis,M,,,['879']
557,Johannah (mother),Tomilson.Louis,F,,,['877']
242,Grace,WAHLBERG.MARK,F,581.0,710.0,['675']
243,Ella,WAHLBERG.MARK,F,581.0,710.0,['674']
244,Michael,WAHLBERG.MARK,M,581.0,710.0,"['in/Family_86/Michael_son', '679']"
710,Rhea,WAHLBERG.MARK,F,,,"['676', 'in/Family_86/Rhea_mother']"
581,Wahlberg Mark,WAHLBERG.MARK,M,,,"['in/Family_86/Wahlberg Mark_father', '678']"
246,Brendon,WAHLBERG.MARK,M,581.0,710.0,['677']
265,Maisie,WALTERS.JULIE,F,1019.0,422.0,['681']
422,Julie,WALTERS.JULIE,F,,,['680']
1019,Grant,WALTERS.JULIE,M,,,['683']
794,Jigme Singye,WANGCHUCK.JIGME.KHESAR.NAMGYEL,M,,878.0,['687']
878,Kesang Choeden,WANGCHUCK.JIGME.KHESAR.NAMGYEL,F,,,['685']
879,Jetsun Pema,WANGCHUCK.JIGME.KHESAR.NAMGYEL,F,,,['684']
795,Jigme Khesar,WANGCHUCK.JIGME.KHESAR.NAMGYEL,M,794.0,,['686']
482,Emma Watson,WATSON.EMMA,F,72.0,649.0,['688']
649,Jacqueline (mother Of Emma),WATSON.EMMA,F,,,['689']
307,Alex Watson (brother Of Emma),WATSON.EMMA,M,,,['690']
72,Chris Watson,WATSON.EMMA,M,,,['691']
821,Woodrow,WILSON.WOODROW,M,822.0,,['707']
928,Eleanor,WILSON.WOODROW,F,821.0,,['702']
822,Joesph,WILSON.WOODROW,M,,,['706']
783,Amy,WINEHOUSE.AMY,F,1091.0,929.0,['708']
968,Alex,WINEHOUSE.AMY,M,1091.0,929.0,['710']
1091,Mitch,WINEHOUSE.AMY,M,,,['711']
929,Janis,WINEHOUSE.AMY,F,,,['709']
129,Chrishaunda,WINFREY.OPRAH,F,,113.0,['713']
190,Vernon,WINFREY.OPRAH,M,,,['718']
292,Stedman,WINFREY.OPRAH,M,,,['717']
116,Ophrah,WINFREY.OPRAH,F,190.0,112.0,['714']
113,Patricia,WINFREY.OPRAH,F,190.0,112.0,['715']
120,Barbara,WINFREY.OPRAH,F,,,['712']
112,Vernita,WINFREY.OPRAH,F,,,['716']
773,Gigi,White.Vanna,F,1117.0,282.0,['795']
282,Vanna,White.Vanna,F,,,['796']
1117,George,White.Vanna,M,,,['797']
856,Nicholas,White.Vanna,M,1117.0,282.0,['798']
445,Yuexuan,Zhang.Liang,M,1088.0,,['781']
1088,Liang,Zhang.Liang,M,,,['780']
900,Rodger,Zoe.Rachel,M,,,['823']
230,Kaius,Zoe.Rachel,M,900.0,815.0,['822']
815,Rachel,Zoe.Rachel,F,,,['820']
231,Skyler,Zoe.Rachel,F,900.0,815.0,['821']
1,Sofia Coppola,,F,772.0,385.0,['fr/Family_98/Sofia_Coppola_daughter']
4,Michael Sheen,,M,,,['fr/Family_48/Michael_Sheen_father']
13,Richard Hilton,,M,,,['fr/Family_15/richard_hilton_father']
14,David Armstrong Jones 2nd Earl Of Snowdon,,M,15.0,608.0,"['in/Family_84/David Armstrong-Jones, 2nd Earl of Snowdon_son']"
15,Antony Armstrong Jones 1st Earl Of Snowdon,,M,,,"['in/Family_84/Antony Armstrong-Jones, 1st Earl of Snowdon_father']"
16,Craig Hemsworth,,M,,,"['in/Family_126/Craig Hemsworth_father', 'in/Family_125/Craig Hemsworth_father']"
21,Kevin Smith,,M,,,['fr/Family_49/Kevin_Smith_father']
23,Branson Richard,,M,,,['in/Family_21/Branson Richard_father']
42,Arnold Schwarzenegger,,M,,,"['in/Family_134/Arnold Schwarzenegger_father', 'fr/Family_28/Arnold_Schwarzenegger_father']"
50,Timothy Carlton,,M,,,['in/Family_141/Timothy Carlton_father']
52,Edward De Wessex,,M,,,['fr/Family_95/Edward_de_Wessex_father']
57,Philippe De Belgique,,M,,,['fr/Family_56/Philippe_de_Belgique_father']
60,Franco Amurri,,M,,,['fr/Family_17/franco_amurri_father']
61,Bill Clinton,,M,,,['fr/Family_22/bill_clinton_father']
64,Donald Trump,,M,,,['fr/Family_30/Donald_Trump_father']
67,Don Gummer,,M,,,['fr/Family_38/Don_Gummer_father']
71,Bruce Willis,,M,,,['fr/Family_66/Bruce_Willis_father']
82,Suresh Oberoi,,M,,,['in/Family_112/Suresh Oberoi_father']
84,Kenny Anderson,,M,,,['fr/Family_60/Kenny_Anderson_father']
97,Reginae Carter,,F,,,['fr/Family_91/Reginae_Carter_daughter']
106,Jazz Anderson,,F,84.0,107.0,['fr/Family_60/jazz_anderson_daughter']
107,Tami Roman,,F,,,['fr/Family_60/Tami_Roman_mother']
124,Caroline Bright,,F,,,['in/Family_115/Caroline Bright_mother']
146,Peng Liyuan,,F,,,['fr/Family_55/peng_liyuan_mother']
151,Clifford Joseph Harris Jr,,M,,,['in/Family_9/Clifford_Joseph_Harris_Jr._father']
153,Messiah Ya Majesty Harris,,M,151.0,197.0,['in/Family_9/Messiah_Ya_Majesty_Harris_son']
168,Kris Jenner,,F,,,['fr/Family_32/Kris_Jenner_mother']
182,Pamela Chopra,,F,,,['in/Family_143/Pamela chopra_mother']
192,Willard Carroll Smith Sr,,M,,,"['in/Family_115/Willard Carroll Smith, Sr_father']"
197,Lashon Dixon,,F,,,['in/Family_9/Lashon_Dixon_mother']
202,Tallulah Belle Willis,,F,71.0,426.0,['fr/Family_66/Tallulah_Belle_Willis_daughter']
204,Julia Restoin Roitfeld,,F,637.0,289.0,['fr/Family_2/Julia_Restoin_Roitfeld_daughter']
205,Luke Hudson Gavigan,,M,641.0,672.0,['in/Family_26/Luke Hudson Gavigan_son']
224,Collin Thomas Gosselin,,M,737.0,807.0,['in/Family_71/Collin Thomas Gosselin_son']
255,Ella Stiller,,F,,,['fr/Family_44/Ella_Stiller_daughter']
277,Sasha Czack,,F,,,['in/Family_131/Sasha Czack_mother']
278,Lori Loughlin,,F,,,['fr/Family_19/lori_loughlin_mother']
289,Carine Roitfeld,,F,,,['fr/Family_2/Carine_Roitfeld_mother']
295,Shanaya Kapoor,,F,559.0,1044.0,['fr/Family_73/Shanaya_Kapoor_daughter']
302,Quincy Jones,,M,,,['fr/Family_92/Quincy_Jones_father']
310,Sheree Zampino,,F,,,['in/Family_117/Sheree Zampino_mother']
316,Coco Arquette,,F,915.0,427.0,['fr/Family_14/Coco_Arquette_daughter']
334,Susan Sarandon,,F,,,['fr/Family_17/susan_sarandon_mother']
348,Eva Amurri,,F,60.0,334.0,['fr/Family_17/eva_amurri_daughter']
353,Nancy Carlsson Paige,,F,,,['in/Family_123/Nancy Carlsson-Paige_mother']
355,Shahrukh Khan,,M,,,['fr/Family_69/Shahrukh_Khan_father']
360,Marilyn Wilson,,F,,,['fr/Family_99/Marilyn_Wilson_mother']
361,Frances Fisher,,F,,,['fr/Family_65/Frances_Fisher_mother']
372,Kim Basinger,,F,,,['fr/Family_21/kim_basinger_mother']
380,Neelima Azeem,,F,,,"['in/Family_110/Neelima Azeem_mother', 'in/Family_149/Neelima Azeem_mother']"
382,Jaya Bachchan,,F,,,['in/Family_107/Jaya Bachchan_mother']
383,Irmelin Indenbirken,,F,,,['in/Family_120/Irmelin Indenbirken_mother']
385,Eleanor Coppola,,F,,,['fr/Family_98/Eleanor_Coppola_mother']
387,Honey Irani,,F,,,['in/Family_104/Honey Irani_mother']
388,Pinky Roshan,,F,,,['in/Family_113/Pinky Roshan_mother']
389,Neetu Singh,,F,,,['in/Family_103/Neetu Singh_mother']
390,Surekha Konidela,,F,,,['in/Family_146/Surekha Konidela_mother']
391,Karuna Dhawan,,F,,,['in/Family_106/Karuna Dhawan_mother']
394,Jacelyn Reeves,,F,,,['in/Family_33/Jacelyn Reeves_mother']
402,Melanie Griffith,,F,,,['fr/Family_10/Melanie_griffith_mother']
407,Heather Locklear,,F,,,['fr/Family_37/Heather_Locklear_mother']
414,Anette Qviberg,,F,,,['fr/Family_46/anette_qviberg_mother']
415,Louise Mountbatten Windsor,,F,52.0,,['fr/Family_95/Louise_Mountbatten-Windsor_daughter']
418,Alexandra Lamy,,F,,,['fr/Family_5/Alexandra_Lamy_mother']
426,Demi Moore,,F,,,['fr/Family_66/Demi_Moore_mother']
427,Courteney Cox,,F,,,['fr/Family_14/courteney_cox_mother']
428,Priscilla Presley,,F,,,['fr/Family_94/Priscilla_Presley_mother']
429,Maria Shriver,,F,,,"['in/Family_135/Maria Shriver_mother', 'fr/Family_28/Maria_Shriver_mother', 'in/Family_134/Maria Shriver_mother']"
433,Sarah Ferguson,,F,,,['fr/Family_24/Sarah_Ferguson_mother']
475,Rakesh Roshan,,M,,,['in/Family_113/Rakesh Roshan_father']
476,Hrithik Roshan,,M,475.0,388.0,['in/Family_113/Hrithik_Roshan_son']
497,Jerry Hall,,F,,,['fr/Family_11/jerry_hall_mother']
501,Elle King,,F,874.0,,['fr/Family_45/elle_king_daughter']
502,Robin Wright,,F,,,['fr/Family_70/Robin_Wright_mother']
506,Ava Elizabeth Sambora,,F,883.0,407.0,['fr/Family_37/Ava_Elizabeth_Sambora_daughter']
507,Wendy Wilson,,F,687.0,360.0,['fr/Family_99/Wendy_Wilson_daughter']
510,Wanda Ventham,,F,,,['in/Family_141/Wanda Ventham_mother']
511,Lucy Julia Rogers Ciaffa,,F,620.0,714.0,['fr/Family_80/lucy_julia_rogers-ciaffa_daughter']
512,Elisabeth De Belgique,,F,57.0,777.0,['fr/Family_56/elisabeth_de_belgique_daughter']
515,Chiranjeevi,,M,,,['in/Family_146/Chiranjeevi_father']
516,Rajesh Khattar,,M,,,['in/Family_110/Rajesh Khattar_father']
517,Chunky Pandey,,M,,,['fr/Family_76/chunky_pandey_father']
520,Hillary Clinton,,F,,,['fr/Family_22/hillary_clinton_mother']
523,Hailie Jade Scott,,F,765.0,876.0,['fr/Family_7/Hailie_Jade_Scott_daughter']
532,Kathy Hilton,,F,,,['fr/Family_15/kathy_hilton_mother']
538,Grace Mcneil,,F,,,['in/Family_124/Grace McNeil_mother']
543,Jackie Shroff,,M,,,['in/Family_114/Jackie Shroff_father']
544,Ajay Devgan,,M,,,['fr/Family_71/Ajay_Devgan_father']
545,Tiger Shroff,,M,543.0,1111.0,['in/Family_114/Tiger Shroff_son']
546,Pankaj Kapur,,M,,,['in/Family_149/Pankaj Kapur_father']
551,Jefferson Hack,,M,,,['fr/Family_81/Jefferson_Hack_father']
558,Cynthia Germanotta,,F,,,['fr/Family_61/Cynthia_Germanotta_mother']
559,Sanjay Kapoor,,M,,,['fr/Family_73/Sanjay_Kapoor_father']
564,Leslie Mann,,F,,,['fr/Family_26/Leslie_Mann_mother']
567,Nicola Elizabeth Frost,,F,,,['in/Family_139/Nicola Elizabeth Frost_mother']
569,Paige Dylan,,F,,,['in/Family_32/Paige_Dylan_mother']
576,Rob Lowe,,M,,,['in/Family_11/Rob_Lowe_father']
579,Matt Damon,,M,894.0,353.0,['in/Family_123/Matt Damon_son']
580,Leonardo Dicaprio,,M,1055.0,383.0,['in/Family_120/Leonardo DiCaprio_son']
583,Christian Bale,,M,980.0,,['in/Family_127/Christian Bale_son']
587,Meryl Streep,,F,,,['fr/Family_38/Meryl_Streep_mother']
588,Grace Gummer,,F,67.0,587.0,['fr/Family_38/Grace_Gummer_daughter']
593,Tom Hanks,,M,,,['in/Family_121/Tom Hanks_father']
598,Sistine Rose Stallone,,F,940.0,1056.0,['fr/Family_64/sistine_rose_stallone_daughter']
607,Nysa Devgan,,F,544.0,,['fr/Family_71/Nysa_Devgan_daughter']
608,Princess Margaret Countess Of Snowdon,,F,,,"['in/Family_84/Princess Margaret, Countess of Snowdon_mother']"
609,Chelsea Clinton,,F,61.0,520.0,['fr/Family_22/chelsea_clinton_daughter']
617,Paul Gascoigne,,M,,,['fr/Family_33/Paul_Gascoigne_father']
620,Chris Ciaffa,,M,,,['fr/Family_80/chris_ciaffa_father']
623,Sage Stallone,,M,940.0,277.0,['in/Family_131/Sage Stallone_son']
624,Tom Cruise,,M,,,['fr/Family_78/Tom_Cruise_father']
627,Benedict Cumberbatch,,M,50.0,510.0,['in/Family_141/Benedict Cumberbatch_son']
629,Paul Qualley,,M,,,['fr/Family_39/paul_qualley_father']
630,Rande Gerber,,M,,,['fr/Family_13/Rande_Gerber_father']
631,Rajesh Khanna,,M,,,['fr/Family_96/Rajesh_Khanna_father']
634,Alexandra De Luxembourg,,F,,1050.0,['fr/Family_35/Alexandra_de_Luxembourg_daughter']
637,Christian Restoin,,M,,,['fr/Family_2/christian_restoin_father']
643,Vivek Oberoi,,M,82.0,674.0,['in/Family_112/Vivek Oberoi_son']
644,Lisa Marie Presley,,F,907.0,428.0,['fr/Family_94/Lisa_Marie_Presley_daughter']
645,Nathalie Baye,,F,,,['fr/Family_34/Nathalie_Baye_mother']
655,Rita Wilson,,F,,,['in/Family_121/Rita_Wilson_mother']
656,Sheryl Berkoff,,F,,,['in/Family_11/Sheryl_Berkoff_mother']
660,Jennifer Schwalbach Smith,,F,,,['fr/Family_49/Jennifer_Schwalbach_Smith_mother']
663,Harley Quinn Smith,,F,21.0,660.0,['fr/Family_49/harley_quinn_smith_daughter']
668,Ava Elizabeth Phillippe,,F,1053.0,684.0,['fr/Family_12/ava_elizabeth_phillippe_daughter']
670,Kate Hudson,,F,1090.0,408.0,['fr/Family_16/kate_hudson_daughter']
674,Yashodhara Oberoi,,F,,,['in/Family_112/Yashodhara Oberoi_mother']
678,Kim Kardashian,,F,962.0,168.0,['fr/Family_32/Kim_Kardashian_daughter']
681,Olivia Jade Giannulli,,F,1011.0,278.0,['fr/Family_19/olivia_jade_giannulli_daughter']
684,Reese Witherspoon,,F,,,['fr/Family_12/reese_witherspoon_mother']
687,Brian Wilson,,M,,,['fr/Family_99/Brian_Wilson_father']
690,Nishi Mukesh,,F,,,['in/Family_111/Nishi Mukesh_mother']
693,Sara Ali Khan,,F,956.0,694.0,['fr/Family_75/Sara_Ali_Khan_daughter']
694,Amrita Singh,,F,,,['fr/Family_75/Amrita_Singh_mother']
696,Kaia Gerber,,F,630.0,722.0,['fr/Family_13/Kaia_Gerber_daughter']
700,Ida Lundgren,,F,1012.0,414.0,['fr/Family_46/Ida_Lundgren_daughter']
701,Miley Cyrus,,F,886.0,909.0,['fr/Family_27/Miley_Cyrus_daughter']
712,Allison Williams,,F,895.0,,['fr/Family_29/Allison_Williams_daughter']
714,Mimi Rogers,,F,,,['fr/Family_80/Mimi_Rogers_mother']
715,Marcheline Bertrand,,F,,,['fr/Family_36/Marcheline_Bertrand_mother']
722,Cindy Crawford,,F,,,['fr/Family_13/Cindy_Crawford_mother']
726,Twinkle Khanna,,F,631.0,1093.0,['fr/Family_96/Twinkle_Khanna_daughter']
727,Thomas Jouannet,,M,,,['fr/Family_5/Thomas_Jouannet_father']
728,Billie Lourd,,F,,949.0,['fr/Family_8/Billie_Lourd_daughter']
737,Jon Gosselin,,M,,,['in/Family_71/jon gosselin_father']
740,Trey Smith,,M,158.0,310.0,['in/Family_117/Trey Smith_son']
747,Dominic Holland,,M,,,['in/Family_139/Dominic Holland_father']
748,William Alvin Pitt,,M,,,['in/Family_118/William Alvin Pitt_father']
754,Lady Gaga,,F,848.0,558.0,['fr/Family_61/Lady_gaga_daughter']
758,Ishaan Khattar,,M,516.0,380.0,['in/Family_110/ishaan khattar_son']
761,Francesca Fisher Eastwood,,F,28.0,361.0,['fr/Family_65/Francesca_Fisher-Eastwood_daughter']
765,Eminem,,M,,,['fr/Family_7/Eminem_father']
771,August Coppola,,M,,,['in/Family_133/August Coppola_father']
772,Francis Ford Coppola,,M,,,['fr/Family_98/Francis_Ford_Coppola_father']
777,Mathilde D'udekem D'acoz,,F,,,"[""fr/Family_56/Mathilde_d'Udekem_d'acoz_mother""]"
779,Leonie Hemsworth,,F,,,['in/Family_126/Leonie Hemsworth_mother']
785,Laura Smet,,F,963.0,645.0,['fr/Family_34/laura_smet_daughter']
788,Rosemary,,F,,,['in/Family_39/Rosemary_mother']
803,Tom Holland,,M,747.0,567.0,['in/Family_139/Tom holland_son']
807,Kate,,F,,,['in/Family_71/Kate_mother']
808,Sheryl Gascoigne,,F,,,['fr/Family_33/Sheryl_Gascoigne_mother']
824,Nitin Mukesh,,M,,,['in/Family_111/Nitin Mukesh_father']
825,Rishi Kapoor,,M,,,['in/Family_103/Rishi Kapoor_father']
828,Andrew D'york,,M,,,"[""fr/Family_24/Andrew_d'York_father""]"
829,Joy Vogelsang,,F,,,['in/Family_133/Joy Vogelsang_mother']
840,Katherine Schwarzenegger,,F,42.0,429.0,['fr/Family_28/Katherine_Schwarzenegger_daughter']
841,Ananya Panday,,F,517.0,,['fr/Family_76/Ananya_Panday_daughter']
846,Uday Chopra,,M,1027.0,182.0,['in/Family_143/Uday Chopra_son']
847,David Dhawan,,M,,,['in/Family_106/David Dhawan_father']
848,Joseph Germanotta,,M,,,['fr/Family_61/Joseph_Germanotta_father']
855,Chris Hemswort,,M,16.0,,['in/Family_125/Chris Hemswort_son']
858,Scott,,M,28.0,,['in/Family_33/Scott_son']
864,Georgia May Jagger,,F,964.0,497.0,['fr/Family_11/georgia_may_jagger_daughter']
871,Carys Zeta Douglas,,F,602.0,438.0,['fr/Family_77/Carys_Zeta_Douglas_daughter']
872,Jessica Canseco,,F,,,['fr/Family_84/Jessica_canseco_mother']
874,Rob Schneider,,M,,,['fr/Family_45/Rob_Schneider_father']
876,Kimberly Anne Scott,,F,,,['fr/Family_7/Kimberly_Anne_Scott_mother']
883,Richie Sambora,,M,,,['fr/Family_37/Richie_Sambora_father']
886,Billy Ray Cyrus,,M,,,['fr/Family_27/Billy_Ray_Cyrus_father']
891,Gauri Khan,,F,,,['fr/Family_69/Gauri_Khan_mother']
894,Kent Damon,,M,,,['in/Family_123/Kent Damon_father']
895,Brian Williams,,M,,,['fr/Family_29/Brian_Williams_father']
896,Christopher John Jackman,,M,,,['in/Family_124/Christopher John Jackman_father']
898,Javed Akhtar,,M,,,['in/Family_104/Javed Akhtar_father']
899,Farhan Akhtar,,M,898.0,387.0,['in/Family_104/Farhan Akhtar_son']
907,Elvis Presley Color,,M,,,['fr/Family_94/Elvis_Presley_color_father']
909,Letitia Jean,,F,,,['fr/Family_27/Letitia_Jean_mother']
910,Paris Hilton,,F,13.0,532.0,['fr/Family_15/paris_hilton_daughter']
911,Levi Dylan,,M,768.0,569.0,['in/Family_32/Levi_Dylan_son']
912,Boney Kapoor,,M,,,['fr/Family_72/Boney_Kapoor_father']
915,David Arquette,,M,,,['fr/Family_14/David_Arquette_father']
937,Jose Canseco,,M,,,['fr/Family_84/Jose_Canseco_father']
940,Sylvester Stallone,,M,,,"['fr/Family_64/sylvester_stallone_father', 'in/Family_131/Sylvester Stallone_father']"
945,Candace Cameron Bure,,F,,,['fr/Family_93/Candace_Cameron_Bure_mother']
946,Bianca Gascoigne,,F,617.0,808.0,['fr/Family_33/Bianca_Gascoigne_daughter']
947,Natasha Bure,,F,1057.0,945.0,['fr/Family_93/Natasha_Bure_daughter']
949,Carrie Fisher,,F,,,['fr/Family_8/Carrie_Fisher_mother']
956,Saif Ali Khan,,M,,,['fr/Family_75/Saif_Ali_Khan_father']
962,Robert Kardashian,,M,,,['fr/Family_32/Robert_Kardashian_father']
963,Johnny Hallyday,,M,,,['fr/Family_34/Johnny_Hallyday_father']
964,Mick Jagger,,M,,,['fr/Family_11/mick_jagger_father']
966,Neil Nitin Mukesh,,M,824.0,690.0,['in/Family_111/Neil Nitin Mukesh_son']
970,Ranbir Kapoor,,M,825.0,389.0,['in/Family_103/Ranbir kapoor_son']
972,Alec Baldwin,,M,,,['fr/Family_21/alec_baldwin_father']
978,Judd Apatow,,M,,,['fr/Family_26/Judd_Apatow_father']
979,John Owen Lowe,,M,576.0,656.0,['in/Family_11/John_Owen_Lowe_son']
980,David Bale,,M,,,['in/Family_127/David Bale_father']
984,Matthew Cowles,,M,,,['fr/Family_4/Matthew_Cowles_father']
991,Abhishek Bachchan,,M,1116.0,382.0,['in/Family_107/Abhishek Bachchan_son']
993,Suhana Khan,,F,355.0,891.0,['fr/Family_69/Suhana_Khan_daughter']
1002,Ivanka Trump,,F,64.0,,['fr/Family_30/Ivanka_Trump_daughter']
1008,Jose Ferrer,,M,,,['in/Family_39/Jose Ferrer_father']
1009,Carlos Leon,,M,,,['fr/Family_31/Carlos_Leon_father']
1011,Mossimo Giannulli,,M,,,['fr/Family_19/mossimo_giannulli_father']
1012,Dolph Lundgren,,M,,,['fr/Family_46/Dolph_Lundgren_father']
1016,Joseph Baena,,M,42.0,429.0,['in/Family_134/Joseph Baena_son']
1027,Yash Chopra,,M,,,['in/Family_143/Yash Chopra_father']
1041,Patrick Schwarzenegger,,M,,429.0,['in/Family_135/Patrick Schwarzenegger_son']
1044,Maheep Sandhu,,F,,,['fr/Family_73/maheep_sandhu_mother']
1046,Ireland Baldwin,,F,972.0,372.0,['fr/Family_21/ireland_baldwin_daughter']
1052,Gladys Portugues,,F,,,['fr/Family_57/Gladys_Portugues_mother']
1053,Ryan Phillippe,,M,,,['fr/Family_12/Ryan_phillippe_father']
1055,George Dicaprio,,M,,,['in/Family_120/George DiCaprio_father']
1056,Jennifer Flavin,,F,,,['fr/Family_64/jennifer_flavin_mother']
1057,Valeri Bure,,M,,,['fr/Family_93/Valeri_Bure_father']
1060,Ram Charan,,M,515.0,390.0,['in/Family_146/Ram Charan_son']
1062,Rashida Jones,,F,302.0,,['fr/Family_92/Rashida_Jones_daughter']
1079,Varun Dhawan,,M,847.0,391.0,['in/Family_106/Varun Dhawan_son']
1081,Shahid Kapoor,,M,546.0,380.0,['in/Family_149/Shahid Kapoor_son']
1090,Bill Hudson,,M,,,['fr/Family_16/bill_hudson_father']
1092,Hugh Jackman,,M,896.0,538.0,['in/Family_124/Hugh Jackman_son']
1093,Dimple Kapadia,,F,,,['fr/Family_96/Dimple_Kapadia_mother']
1098,Xi Mingze,,F,,146.0,['fr/Family_55/Xi_mingze_daughter']
1103,Sam,,M,23.0,,['in/Family_21/Sam_son']
1107,Nicolas Cage,,M,771.0,829.0,['in/Family_133/Nicolas Cage_son']
1111,Ayesha Shroff,,F,,,['in/Family_114/Ayesha Shroff_mother']
1116,Amitabh Bachchan,,M,,,['in/Family_107/Amitabh Bachchan_father']
